ID,Name,Email,Committee
V001,John Doe,john.doe@example.com,Events
V002,Jane Smith,jane.smith@example.com,Hospitality
V003,Bob Johnson,bob.johnson@example.com,Setup
V004,Alice Brown,alice.brown@example.com,Cleanup
V005,Charlie Wilson,charlie.wilson@example.com,Registration
V006,Diana Davis,diana.davis@example.com,Security
V007,Edward Miller,edward.miller@example.com,Technical
V008,Fiona Garcia,fiona.garcia@example.com,Events
V009,George Martinez,george.martinez@example.com,Hospitality
V010,Helen Rodriguez,helen.rodriguez@example.com,General